Date,Cumulative_Cases_by_Episode_Date,Cumulative_Resolved_Cases_by_Episode_Date,Cumulative_Active_Cases_by_Episode_Date,Cumulative_Deaths_by_Date_of_Death,Daily_Cases_by_Reported_Date,7-day_Average_of_Newly_Reported_cases_by_Reported_Date,Daily_Cases_by_Episode_Date,Daily_Cases_Linked_to_a_Community_Outbreak_by_Episode_Date,Daily_Cases_Linked_to_a_School_or_Childcare_Outbreak_by_Episode_Date,Daily_Cases_Linked_to_an_Institutional_Outbreak_by_Episode_Date,Daily_Cases_Not_Linked_to_an_Outbreak_ie_Sporadic_Cases_by_Episode_Date,Cases_Newly_Admitted_to_Hospital,Cases_Currently_in_Hospital,Cases_Currently_in_ICU,"Cumulative_Rate_for_0-9_Years_per_100,000_pop_by_Episode_Date","Cumulative_Rate_for_10-19_Years_per_100,000_pop_by_Episode_Date","Cumulative_Rate_for_20-29_Years_per_100,000_pop_by_Episode_Date","Cumulative_Rate_for_30-39_Years_per_100,000_pop_by_Episode_Date","Cumulative_Rate_for_40-49_Years_per_100,000_pop_by_Episode_Date","Cumulative_Rate_for_50-59_Years_per_100,000_pop_by_Episode_Date","Cumulative_Rate_for_60-69_Years_per_100,000_pop_by_Episode_Date","Cumulative_Rate_for_70-79_Years_per_100,000_pop_by_Episode_Date","Cumulative_Rate_for_80-89_Years_per_100,000_pop_by_Episode_Date","Cumulative_Rate_for_90_Years_and_Over_per_100,000_pop_by_Episode_Date","Cumulative_Rate_for_Males_per_100,000_pop_by_Episode_Date","Cumulative_Rate_for_Females_per_100,000_pop_by_Episode_Date",Source_of_Infection_is_Close_Contact_by_Episode_Date,Source_of_Infection_is_Missing_by_Episode_Date,Source_of_Infection_is_an_Outbreak_by_Episode_Date,Source_of_Infection_is_Travel_by_Episode_Date,Source_of_Infection_is_Unknown_by_Episode_Date,Sum_of_Non-Institutional_Source_of_Infection_Over_the_Last_14_Days,%_No_Known_Source_for_Cases_with_Non-Institutional_Source_of_Infection_Over_the_Last_14_Days,OBJECTID
2020/02/10,1,,1,,,0,1,0,0,0,1,0,1,0,,,,,,,0.8,,,,,0.2,0,0,0,1,0,1,0,0
2020/02/11,1,,1,,,0,0,0,0,0,0,0,1,0,,,,,,,0.8,,,,,0.2,0,0,0,0,0,1,0,1
2020/02/12,1,,1,,,0,0,0,0,0,0,0,1,0,,,,,,,0.8,,,,,0.2,0,0,0,0,0,1,0,2
2020/02/13,1,,1,,,0,0,0,0,0,0,0,1,0,,,,,,,0.8,,,,,0.2,0,0,0,0,0,1,0,3
2020/02/14,1,,1,,,0,0,0,0,0,0,0,1,0,,,,,,,0.8,,,,,0.2,0,0,0,0,0,1,0,4
2020/02/15,1,,1,,,0,0,0,0,0,0,0,1,0,,,,,,,0.8,,,,,0.2,0,0,0,0,0,1,0,5
2020/02/16,1,,1,,,0,0,0,0,0,0,0,1,0,,,,,,,0.8,,,,,0.2,0,0,0,0,0,1,0,6
2020/02/17,1,,1,,,0,0,0,0,0,0,0,1,0,,,,,,,0.8,,,,,0.2,0,0,0,0,0,1,0,7
2020/02/18,1,,1,,,0,0,0,0,0,0,0,1,0,,,,,,,0.8,,,,,0.2,0,0,0,0,0,1,0,8
2020/02/19,1,,1,,,0,0,0,0,0,0,0,1,0,,,,,,,0.8,,,,,0.2,0,0,0,0,0,1,0,9
2020/02/20,2,,2,,,0,1,0,0,0,1,0,1,0,,,,,,0.7,0.8,,,,0.2,0.2,0,0,0,1,0,2,0,10
2020/02/21,2,,2,,,0,0,0,0,0,0,0,1,0,,,,,,0.7,0.8,,,,0.2,0.2,0,0,0,0,0,2,0,11
2020/02/22,3,,3,,,0,1,0,0,0,1,0,1,0,,,,,,1.4,0.8,,,,0.4,0.2,0,0,0,0,1,3,33.3,12
2020/02/23,4,,4,,,0,1,0,0,0,1,0,1,0,,,,,,1.4,1.7,,,,0.4,0.4,0,0,0,1,0,4,25,13
2020/02/24,5,,5,,,0,1,0,0,0,1,0,1,0,,,,0.6,,1.4,1.7,,,,0.4,0.6,0,0,0,1,0,4,25,14
2020/02/25,5,,5,,,0,0,0,0,0,0,0,1,0,,,,0.6,,1.4,1.7,,,,0.4,0.6,0,0,0,0,0,4,25,15
2020/02/26,5,,5,,,0,0,0,0,0,0,0,1,0,,,,0.6,,1.4,1.7,,,,0.4,0.6,0,0,0,0,0,4,25,16
2020/02/27,5,,5,,,0,0,0,0,0,0,0,1,0,,,,0.6,,1.4,1.7,,,,0.4,0.6,0,0,0,0,0,4,25,17
2020/02/28,5,,5,,,0,0,0,0,0,0,0,1,0,,,,0.6,,1.4,1.7,,,,0.4,0.6,0,0,0,0,0,4,25,18
2020/02/29,5,,5,,,0,0,0,0,0,0,0,1,0,,,,0.6,,1.4,1.7,,,,0.4,0.6,0,0,0,0,0,4,25,19
2020/03/01,7,,7,,,0,2,0,0,0,2,0,1,0,,,,1.3,,1.4,2.5,,,,0.4,0.9,0,0,0,1,1,6,33.3,20
2020/03/02,10,,10,,,0,3,2,0,0,1,0,1,0,,,,1.9,1.5,1.4,2.5,,,,0.8,1.1,0,0,0,2,1,9,33.3,21
2020/03/03,11,,11,,,0,1,0,0,0,1,0,1,0,,,0.6,1.9,1.5,1.4,2.5,,,,1,1.1,0,0,0,1,0,10,30,22
2020/03/04,12,,12,,,0,1,0,0,0,1,0,1,0,,,0.6,1.9,2.2,1.4,2.5,,,,1,1.3,1,0,0,0,0,11,27.3,23
2020/03/05,18,1,17,,,0,6,2,0,0,4,0,1,0,,,0.6,3.2,3.7,2.1,3.4,,,,1.5,1.9,2,0,2,1,1,16,25,24
2020/03/06,23,1,22,,,0,5,0,0,1,4,0,1,0,,,1.2,3.8,3.7,2.9,4.2,1.3,,,1.9,2.4,1,0,0,2,2,21,28.6,25
2020/03/07,27,1,26,,,0,4,0,0,0,4,0,1,0,,,1.2,3.8,5.2,3.6,5,1.3,,,2.3,2.8,0,0,0,4,0,24,20.8,26
2020/03/08,36,1,35,,,0,9,1,0,0,8,0,1,0,,,1.2,3.8,8.2,5,7.6,1.3,,,3.3,3.5,2,0,1,5,1,32,18.8,27
2020/03/09,45,1,44,,1,0.1,9,0,0,0,9,0,1,0,,0.9,2.5,4.4,8.9,5.7,9.3,2.6,,,3.5,5,3,0,0,5,1,40,17.5,28
2020/03/10,52,1,51,,,0.1,7,1,0,0,6,0,1,0,,0.9,2.5,4.4,9.6,7.9,10.9,2.6,3,,4.6,5.2,3,0,1,3,0,47,14.9,29
2020/03/11,61,1,60,,,0.1,9,0,0,0,9,0,1,0,,0.9,3.7,6.3,10.4,7.9,11.8,4,6,,5.6,6,1,0,0,7,1,56,14.3,30
2020/03/12,75,1,74,,3,0.6,14,1,0,0,13,0,1,0,,0.9,3.7,8.2,14.8,9.3,11.8,6.6,8.9,,7,7.3,1,0,1,9,3,70,15.7,31
2020/03/13,97,1,96,,1,0.7,22,2,0,2,18,0,1,0,,0.9,5.6,9.5,22.3,10.7,14.3,7.9,11.9,,10.2,8.2,3,1,2,11,5,91,17.6,32
2020/03/14,115,1,114,,4,1.3,18,1,0,1,16,1,2,0,,0.9,8,11.4,26,12.2,16,9.2,14.9,,12.2,9.7,3,0,2,6,7,108,21.3,33
2020/03/15,142,2,140,,4,1.9,27,1,0,0,26,0,2,0,,0.9,9.9,15.8,31.2,15,19.3,10.6,14.9,11.3,14.7,12.3,6,0,1,10,10,133,24.1,34
2020/03/16,157,2,155,,,1.7,15,0,0,0,15,0,2,0,,1.8,9.9,19,33.4,18.6,20.2,10.6,14.9,11.3,15.6,14.2,5,0,0,10,0,145,21.4,35
2020/03/17,180,3,177,,5,2.4,23,1,0,0,22,2,4,0,,2.6,12.4,20.2,37.8,22.9,22.7,11.9,14.9,11.3,17.8,16.4,5,0,1,8,9,167,24,36
2020/03/18,196,4,192,,4,3,16,0,0,0,16,0,3,0,,2.6,14.2,22.7,39.3,25.8,24.4,13.2,14.9,11.3,18.9,18.2,3,0,0,8,5,182,24.7,37
2020/03/19,221,4,217,,1,2.7,25,0,0,0,25,4,7,0,,2.6,17.3,24,40.8,31.5,27.8,17.2,17.9,11.3,22,19.9,5,0,0,10,10,201,26.9,38
2020/03/20,243,4,239,,2,2.9,22,1,0,1,20,3,10,1,,2.6,19.2,27.2,43.8,32.9,30.3,21.1,23.9,11.3,24.3,21.8,7,0,2,6,7,217,27.2,39
2020/03/21,263,4,259,,4,2.9,20,0,0,2,18,3,10,1,,2.6,19.2,30.3,44.5,35.8,31.1,27.7,35.8,11.3,25.7,24.2,5,0,2,10,3,231,26.8,40
2020/03/22,289,4,285,,7,3.3,26,0,0,1,25,3,13,5,0.9,2.6,19.2,32.9,46.7,40.1,34.5,35.6,41.7,11.3,28.4,26.4,11,0,1,7,7,247,27.5,41
2020/03/23,310,4,306,,9,4.6,21,2,0,0,19,4,17,5,0.9,2.6,19.2,34.1,50.4,43.6,41.2,35.6,41.7,22.6,30.3,28.5,4,1,2,11,3,259,27,42
2020/03/24,327,5,321,1,8,5,17,1,0,3,13,2,19,7,0.9,2.6,22.9,36,51.9,44.4,42,39.6,44.7,22.6,31.5,30.5,6,0,4,2,5,266,28.2,43
2020/03/25,351,5,345,1,8,5.6,24,0,0,1,23,4,22,8,0.9,3.5,26,38.5,53.4,47.2,44.6,42.2,50.7,33.9,33.8,32.8,11,1,1,3,8,280,29.3,44
2020/03/26,365,9,355,1,19,8.1,14,1,0,3,10,2,24,7,0.9,3.5,26,40.4,54.9,51.5,44.6,43.5,53.7,45.2,35.2,34.1,6,0,4,1,3,277,29.6,45
2020/03/27,382,18,363,1,27,11.7,17,3,0,2,12,5,26,9,0.9,4.4,29.1,41.1,57.9,54.4,45.4,44.9,53.7,45.2,36.7,35.8,4,0,4,1,8,272,31.2,46
2020/03/28,407,20,385,2,26,14.9,25,1,0,1,23,3,25,8,0.9,6.2,32.2,43.6,60.8,56.5,48.8,47.5,56.6,45.2,39.4,37.8,8,2,2,9,4,279,29.4,47
2020/03/29,425,27,396,2,11,15.4,18,5,0,3,10,7,31,8,0.9,6.2,34.7,46.8,61.6,57.2,51.3,50.1,62.6,45.2,40.2,40.4,2,0,8,1,7,267,29.6,48
2020/03/30,450,41,406,3,48,21,25,8,0,2,15,4,32,12,1.8,7.1,36.5,49.9,63,60.1,55.5,52.8,65.6,56.5,43.5,41.9,9,0,10,3,3,275,29.8,49
2020/03/31,467,62,402,3,51,27.1,17,2,0,3,12,6,34,13,2.7,7.1,39,50.6,63.8,63,57.2,54.1,71.6,67.8,45.4,43.2,7,0,5,1,4,266,28.9,50
2020/04/01,494,87,404,3,37,31.3,27,7,0,4,16,3,33,15,2.7,7.9,42.1,54.3,65.3,68,58.9,59.4,71.6,67.8,47.7,46,7,0,11,2,7,273,28.9,51
2020/04/02,511,105,400,6,32,33.1,17,6,0,4,7,6,34,14,3.6,7.9,44,55,67.5,70.1,59.7,62,80.5,67.8,49.5,47.5,7,0,10,0,0,261,26.4,52
2020/04/03,538,127,405,6,26,33,27,4,0,4,19,5,37,14,3.6,7.9,47.1,57.5,72,73,63.1,64.7,83.5,79.1,51,51,9,0,8,3,7,263,26.2,53
2020/04/04,555,135,413,7,18,31.9,17,4,0,7,6,7,43,14,3.6,8.8,50.2,57.5,74.2,74.4,63.9,68.6,86.5,90.4,52,53.3,5,0,9,1,2,257,26.5,54
2020/04/05,582,150,424,8,40,36,27,6,0,8,13,4,43,13,4.5,10.6,52,59.4,80.1,75.8,64.8,72.6,95.4,101.7,54.3,56.1,11,0,13,0,3,252,25.4,55
2020/04/06,601,168,424,9,40,34.9,19,3,0,7,9,4,44,12,4.5,12.4,53.3,61.3,82.3,78,65.6,72.6,104.4,124.3,56.2,57.7,5,0,10,0,4,243,26.7,56
2020/04/07,624,193,422,9,25,31.1,23,2,0,11,10,4,45,14,5.5,13.2,54.5,61.3,85.3,80.8,67.3,73.9,122.2,146.9,58.1,60.2,7,0,13,0,3,241,26.1,57
2020/04/08,644,209,424,11,26,29.6,20,2,0,10,8,5,44,16,5.5,13.2,55.1,65.1,86.8,84.4,69.8,76.5,125.2,146.9,59.3,62.8,7,0,9,0,4,231,25.5,58
2020/04/09,680,237,432,11,25,28.6,36,3,0,20,13,6,47,16,6.4,15,57,65.7,92,88,74,79.2,140.1,203.4,61.8,67,9,0,22,1,4,237,25.3,59
2020/04/10,715,255,449,11,37,30.1,35,1,0,21,13,4,49,16,8.2,17.7,57,70.1,94.2,90.9,76.5,85.8,158,226,64.1,71.3,6,0,22,0,7,235,25.1,60
2020/04/11,758,270,477,11,31,32,43,2,0,33,8,5,53,19,8.2,17.7,60.1,72,96.4,95.1,82.4,87.1,193.8,293.9,66.8,76.7,6,0,35,0,2,221,25.8,61
2020/04/12,791,286,492,13,35,31.3,33,1,0,18,14,1,49,18,9.1,18.5,65.6,73.9,99.4,97.3,84.9,93.7,202.7,305.2,68.6,81.2,9,0,19,0,5,221,24.9,62
2020/04/13,815,300,499,16,16,27.9,24,0,0,19,5,3,51,20,9.1,18.5,68.1,74.6,101.6,100.2,89.1,95,220.6,305.2,70.5,83.8,4,1,19,0,0,203,25.6,63
2020/04/14,848,330,500,18,32,28.9,33,0,0,26,7,5,50,20,9.1,18.5,69.4,77.7,105.3,100.9,90.8,99,244.5,384.3,73.2,87.3,5,0,26,1,1,196,25,64
2020/04/15,878,355,499,24,60,33.7,30,2,0,19,9,4,50,16,10.9,19.4,71.8,80.2,107.6,103,94.2,101.6,256.4,418.2,76.3,89.9,6,1,21,0,2,184,23.9,65
2020/04/16,948,376,548,24,21,33.1,70,2,0,55,13,7,52,13,11.8,22.1,74.9,82.1,110.5,107.3,104.3,109.5,304.1,576.4,83.5,96.1,10,0,57,0,3,186,25.3,66
2020/04/17,980,402,552,26,73,38.3,32,0,0,26,6,0,49,13,11.8,23,78.6,82.8,112.7,110.2,108.5,110.8,319,644.2,85.6,100,5,0,26,0,1,169,24.3,67
2020/04/18,1020,415,574,31,31,38.3,40,0,0,31,9,1,46,11,11.8,23,79.9,86.6,115,117.3,113.5,116.1,339.9,666.8,87.7,105.4,8,0,31,0,1,166,24.1,68
2020/04/19,1037,425,577,35,38,38.7,17,0,0,13,4,5,47,15,11.8,23.8,81.7,87.8,117.2,119.5,114.4,116.1,345.9,689.4,88.3,108,3,1,13,0,0,150,24.7,69
2020/04/20,1097,446,612,39,16,38.7,60,1,0,46,13,3,45,13,11.8,23.8,83.6,91,126.1,124.5,117.7,126.7,378.7,802.4,93.9,113.8,8,1,46,1,4,153,24.2,70
2020/04/21,1133,461,625,47,51,41.4,36,0,0,26,10,2,43,11,11.8,24.7,84.8,92.9,128.3,130.2,121.9,132,390.6,870.3,96,118.4,7,0,26,1,2,151,23.8,71
2020/04/22,1174,479,641,54,35,37.9,41,1,0,31,9,4,45,9,12.7,24.7,84.8,98.6,131.3,136.6,124.5,134.6,405.5,960.7,98.9,123.3,6,1,32,0,2,148,23,72
2020/04/23,1219,506,656,57,50,42,45,0,0,35,10,5,48,11,12.7,25.6,86.7,104.3,135,139.5,131.2,135.9,420.4,1062.4,100.8,129.8,7,1,34,0,3,142,23.2,73
2020/04/24,1260,532,663,65,38,37,41,0,0,36,5,7,48,10,12.7,25.6,87.3,104.3,137.2,143.8,136.2,146.5,444.2,1164.1,103.5,134.8,3,1,36,0,1,133,20.3,74
2020/04/25,1361,548,735,78,53,40.1,101,0,0,95,6,4,48,9,12.7,26.5,89.8,111.2,143.2,145.9,151.4,166.3,503.9,1401.4,111.1,146.4,3,1,95,0,2,129,20.9,75
2020/04/26,1415,573,755,87,88,47.3,54,0,0,41,13,5,50,9,13.6,28.3,91.6,117.5,145.4,150.2,156.4,170.2,539.7,1491.9,114.6,153.1,10,1,41,0,2,127,18.9,76
2020/04/27,1476,602,779,95,87,57.4,61,0,0,54,7,8,56,11,14.5,30.9,94.1,122,147.6,156,162.3,178.1,581.4,1582.3,118.6,160.5,3,0,54,0,4,129,21.7,77
2020/04/28,1497,619,775,103,65,59.4,21,0,0,14,7,7,61,13,15.5,32.7,94.7,124.5,150.6,157.4,162.3,180.8,587.4,1616.2,119.4,163.7,4,1,14,1,1,129,21.7,78
2020/04/29,1523,647,765,111,29,58.6,26,0,0,18,8,7,62,13,15.5,32.7,95.4,128.3,152.8,161,168.2,180.8,587.4,1661.4,120.7,167.2,4,0,18,0,4,126,23.8,79
2020/04/30,1543,666,755,122,30,55.7,20,0,0,10,10,2,56,11,16.4,32.7,98.5,128.3,155.8,163.1,169.9,182.1,593.3,1684,122.5,169.3,6,2,10,0,2,121,24,80
2020/05/01,1566,692,739,135,42,56.3,23,0,0,16,7,6,57,11,17.3,33.6,101.5,129.5,158.7,164.5,170.7,183.4,605.2,1706.6,124.2,171.9,7,0,16,0,0,122,23,81
2020/05/02,1587,708,740,139,22,51.9,21,0,0,15,6,4,57,12,18.2,33.6,103.4,129.5,161.7,168.1,170.7,187.4,608.2,1751.8,125.9,174.1,5,0,15,0,1,119,23.5,82
2020/05/03,1606,737,721,148,23,42.6,19,0,0,13,6,3,52,12,19.1,34.4,104,130.8,163.9,168.8,172.4,188.7,623.1,1774.4,127.5,176.2,5,0,13,0,1,121,24,83
2020/05/04,1624,754,718,152,14,32.1,18,0,0,11,7,6,52,10,20,35.3,105.9,130.8,165.4,170.3,172.4,194,632.1,1797,128.7,178.4,5,0,11,0,2,113,23.9,84
2020/05/05,1649,775,718,156,29,27,25,0,0,24,1,3,50,9,20,36.2,105.9,131.4,166.9,171,172.4,201.9,655.9,1864.8,130.4,181.4,1,0,24,0,0,104,24,85
2020/05/06,1665,812,692,161,23,26.1,16,0,0,11,5,4,52,10,20,36.2,107.1,132.1,166.9,175.3,174.1,201.9,661.9,1898.7,131.7,183.1,2,0,11,0,3,99,26.3,86
2020/05/07,1688,851,670,167,32,26.4,23,0,0,16,7,6,54,10,20,36.2,107.7,134,170.6,177.4,176.6,204.5,673.8,1921.3,132.7,186.4,4,0,16,0,3,95,27.4,87
2020/05/08,1701,891,637,173,17,22.9,13,0,0,8,5,4,54,8,20.9,37.1,108.4,134.6,172.1,178.8,176.6,204.5,685.7,1932.6,133.7,187.9,2,2,8,0,1,95,27.4,88
2020/05/09,1718,918,621,179,12,21.4,17,0,0,12,5,5,52,7,20.9,37.1,110.2,135.2,172.8,180.3,177.4,209.8,691.7,1966.5,134.6,190.1,4,0,12,0,1,94,26.6,89
2020/05/10,1729,993,551,185,25,21.7,11,0,0,7,4,3,53,6,20.9,38,112.7,135.9,173.6,181,178.3,209.8,697.7,1966.5,135.4,191.4,1,1,7,1,1,85,28.2,90
2020/05/11,1749,1029,532,188,14,21.7,20,0,0,14,6,1,52,6,20.9,38,115.2,135.9,175.1,183.9,178.3,212.5,712.6,2000.5,136.8,193.9,2,1,14,0,3,84,27.4,91
2020/05/12,1772,1064,515,193,13,19.4,23,0,0,17,6,4,52,7,20.9,40.6,117,137.1,176.5,186,180,215.1,727.5,2011.8,138.3,196.7,5,0,17,0,1,83,27.7,92
2020/05/13,1793,1101,497,195,21,19.1,21,0,0,15,6,2,48,8,20.9,42.4,118.3,138.4,178,188.1,183.3,216.4,733.5,2045.7,139.9,199.1,4,0,15,0,2,81,25.9,93
2020/05/14,1807,1140,469,198,25,18.1,14,0,0,10,4,2,46,7,20.9,42.4,118.9,139.6,178.8,189.6,185.9,221.7,733.5,2057,141,200.6,1,1,10,0,2,75,28,94
2020/05/15,1827,1171,455,201,17,18.1,20,0,0,12,8,1,45,6,20.9,43.3,123.2,142.2,181,191.7,185.9,221.7,733.5,2079.6,142.2,203.2,8,0,12,0,0,76,27.6,95
2020/05/16,1843,1201,435,207,19,19.1,16,0,0,6,10,1,43,5,22.7,43.3,126.3,143.4,181.7,192.4,185.9,224.3,739.4,2090.9,143.1,205.2,6,0,6,1,3,80,28.7,96
2020/05/17,1855,1248,395,212,15,17.7,12,0,0,9,3,1,43,3,22.7,43.3,127.6,144.7,181.7,193.2,188.4,227,742.4,2102.2,144.3,206.3,2,0,9,0,1,77,29.9,97
2020/05/18,1870,1269,388,213,26,19.4,15,0,0,8,7,2,44,2,22.7,43.3,131.9,146,182.5,193.2,190.1,229.6,745.4,2102.2,144.9,208.6,5,0,8,0,2,77,29.9,98
2020/05/19,1882,1313,350,219,23,20.9,12,0,0,8,4,0,41,2,22.7,43.3,135,147.2,183.2,193.2,190.1,230.9,748.4,2124.8,146.2,209.5,4,0,8,0,0,80,28.7,99
2020/05/20,1897,1338,336,223,17,20.3,15,0,0,9,6,3,42,2,22.7,45,136.2,148.5,186.9,193.9,190.1,230.9,754.3,2136.1,147.2,211.4,4,0,9,0,2,81,27.2,100
2020/05/21,1905,1354,322,229,11,18.3,8,0,0,1,7,0,39,2,23.6,45.9,137.5,149.8,187.7,193.9,190.1,230.9,757.3,2136.1,147.6,212.5,5,0,1,0,2,81,25.9,101
2020/05/22,1912,1373,306,233,7,16.9,7,0,0,3,4,1,36,1,23.6,45.9,139.3,151,187.7,193.9,190.9,230.9,760.3,2136.1,148.4,213,2,0,3,0,2,80,27.5,102
2020/05/23,1921,1383,302,236,6,15,9,1,0,3,5,1,36,1,23.6,45.9,140.6,151.7,189.1,195.3,191.7,230.9,763.3,2136.1,148.7,214.3,3,0,4,0,2,81,28.4,103
2020/05/24,1930,1395,298,237,8,14,9,0,0,3,6,1,37,2,23.6,46.8,141.2,151.7,189.9,196,191.7,234.9,769.2,2136.1,149.7,215.1,5,0,3,0,1,83,27.7,104
2020/05/25,1945,1411,294,240,6,11.1,15,1,0,7,7,0,36,2,24.6,48.6,144.3,154.2,189.9,196,191.7,236.2,772.2,2147.4,150.1,217.5,6,0,8,0,1,85,24.7,105
2020/05/26,1951,1424,284,243,16,10.1,6,0,0,2,4,1,36,2,24.6,48.6,144.3,154.8,190.6,196.7,194.3,236.2,772.2,2147.4,150.7,218.1,2,0,2,1,1,83,25.3,106
2020/05/27,1956,1457,256,243,8,8.9,5,0,0,1,4,1,34,2,25.5,48.6,144.3,154.8,191.4,197.4,195.1,236.2,775.2,2147.4,150.9,218.8,2,0,1,0,2,81,25.9,107
2020/05/28,1960,1485,231,244,4,7.9,4,0,0,2,2,1,31,1,25.5,48.6,145.5,154.8,192.9,197.4,195.1,236.2,775.2,2147.4,151.3,219.2,2,0,2,0,0,79,24.1,108
2020/05/29,1967,1499,221,247,7,7.9,7,0,0,3,4,2,32,1,25.5,48.6,146.1,156.1,193.6,198.2,195.1,237.5,778.2,2147.4,152,219.7,3,0,3,0,1,75,26.7,109
2020/05/30,1970,1519,203,248,15,9.1,3,1,0,1,1,0,31,1,25.5,48.6,147.4,156.1,193.6,198.9,195.1,237.5,778.2,2147.4,152,220.3,0,0,2,0,1,67,26.9,110
2020/05/31,1974,1537,188,249,10,9.4,4,0,0,1,3,3,34,1,26.4,48.6,147.4,156.7,194.3,198.9,195.1,237.5,778.2,2158.7,152.2,220.9,2,0,1,0,1,67,26.9,111
2020/06/01,1985,1557,178,250,5,9.3,11,0,0,5,6,0,31,1,26.4,49.5,148.6,158,194.3,198.9,195.1,237.5,793.1,2170,153.4,221.8,5,0,5,0,1,66,25.8,112
2020/06/02,1988,1578,159,251,8,8.1,3,0,0,1,2,0,26,1,26.4,49.5,148.6,159.2,195.1,198.9,195.1,237.5,793.1,2170,153.6,222.2,1,0,1,0,1,64,28.1,113
2020/06/03,1998,1597,150,251,8,8.1,10,0,0,7,3,0,22,0,26.4,49.5,149.2,159.9,195.1,199.6,196.8,237.5,802,2192.6,154.5,223.1,1,0,7,0,2,61,29.5,114
2020/06/04,2005,1611,140,254,8,8.7,7,0,0,2,5,0,20,0,26.4,52.1,149.8,160.5,195.8,199.6,196.8,237.5,802,2203.9,155.5,223.5,2,0,2,0,3,59,32.2,115
2020/06/05,2009,1622,131,256,15,9.9,4,0,0,1,3,1,21,0,26.4,52.1,150.5,160.5,195.8,201,196.8,237.5,805,2203.9,156.1,223.7,2,0,1,0,1,58,31,116
2020/06/06,2012,1633,122,257,2,8,3,0,0,0,3,0,21,0,26.4,52.1,150.5,161.1,195.8,202.5,196.8,237.5,805,2203.9,156.3,224,3,0,0,0,0,55,29.1,117
2020/06/07,2013,1641,114,258,4,7.1,1,0,0,0,1,0,20,0,26.4,52.1,150.5,161.8,195.8,202.5,196.8,237.5,805,2203.9,156.5,224,0,0,0,0,1,50,32,118
2020/06/08,2016,1652,106,258,,6.4,3,0,0,0,3,0,19,0,26.4,52.1,150.5,161.8,197.3,202.5,197.6,237.5,805,2203.9,156.9,224.2,2,0,0,1,0,45,33.3,119
2020/06/09,2026,1664,103,259,3,5.7,10,0,0,3,7,0,18,0,27.3,52.1,153.6,163,197.3,203.2,198.5,237.5,805,2203.9,158.4,224.6,3,0,3,0,4,48,37.5,120
2020/06/10,2036,1676,101,259,7,5.6,10,0,0,4,6,0,17,0,27.3,52.1,155.4,164.3,198,205.3,199.3,237.5,805,2203.9,159.6,225.3,5,0,4,0,1,50,34,121
2020/06/11,2043,1683,100,260,5,5.1,7,0,0,2,5,0,16,0,28.2,52.1,156,164.9,198,206.7,199.3,238.8,805,2215.2,160.3,225.9,3,0,2,0,2,53,35.8,122
2020/06/12,2047,1684,103,260,10,4.4,4,0,0,2,2,0,16,0,28.2,52.1,156.7,164.9,198.8,208.2,199.3,238.8,805,2215.2,160.3,226.6,1,0,2,0,1,51,37.3,123
2020/06/13,2050,1689,101,260,6,5,3,0,0,3,0,0,16,0,28.2,52.1,156.7,165.6,200.3,208.2,199.3,238.8,805,2215.2,160.5,227,0,0,3,0,0,49,36.7,124
2020/06/14,2053,1695,98,260,1,4.6,3,0,0,1,2,0,16,0,28.2,52.1,156.7,165.6,200.3,209.6,200.1,238.8,805,2215.2,160.9,227.2,0,0,1,1,1,48,37.5,125
2020/06/15,2058,1702,96,260,2,4.9,5,0,0,2,3,0,14,0,29.1,52.1,157.3,165.6,202.5,209.6,200.1,238.8,805,2215.2,161.3,227.8,2,0,2,0,1,45,40,126
2020/06/16,2062,1707,95,260,3,4.9,4,0,0,1,3,1,14,0,29.1,53,157.3,166.8,202.5,209.6,201,238.8,805,2215.2,161.7,228.1,1,0,1,1,1,46,39.1,127
2020/06/17,2065,1720,85,260,8,5,3,0,0,0,3,1,6,1,29.1,53,159.1,166.8,202.5,209.6,201,238.8,805,2215.2,161.9,228.5,2,0,0,1,0,46,34.8,128
2020/06/18,2067,1736,71,260,2,4.6,2,0,0,0,2,0,6,1,29.1,53,159.1,168.1,202.5,209.6,201,238.8,805,2215.2,162.1,228.7,0,0,0,0,2,43,34.9,129
2020/06/19,2070,1741,69,260,5,3.9,3,0,0,0,3,0,5,1,29.1,53,160.4,168.7,202.5,209.6,201,238.8,805,2215.2,162.3,229.1,2,0,0,0,1,43,34.9,130
2020/06/20,2076,1746,69,261,1,3.1,6,0,0,0,6,1,5,1,29.1,53.9,162.2,168.7,202.5,210.3,201,240.2,805,2215.2,163.2,229.2,4,0,0,0,2,46,37,131
2020/06/21,2082,1748,73,261,1,3.1,6,0,0,0,6,0,4,1,29.1,56.5,162.2,169.3,202.5,211.8,201,240.2,805,2215.2,163.8,229.8,4,0,0,0,2,51,35.3,132
2020/06/22,2084,1750,72,262,6,3.7,2,0,0,1,1,0,1,1,29.1,56.5,162.9,170,202.5,211.8,201,240.2,805,2215.2,164,230,0,0,1,0,1,49,38.8,133
2020/06/23,2093,1754,77,262,4,3.9,9,0,0,0,9,0,1,1,29.1,57.4,164.1,171.2,204,211.8,201,241.5,808,2215.2,165.2,230.5,2,1,0,1,5,51,39.2,134
2020/06/24,2095,1761,71,263,3,3.1,2,0,0,0,2,1,2,1,29.1,57.4,164.7,171.2,204.7,211.8,201,241.5,808,2215.2,165.6,230.5,2,0,0,0,0,47,40.4,135
2020/06/25,2101,1769,69,263,6,3.7,6,0,0,0,6,0,2,1,30,58.3,165.3,172.5,205.5,211.8,201,241.5,808,2215.2,165.7,231.5,2,0,0,1,3,48,41.7,136
2020/06/26,2105,1779,63,263,6,3.9,4,0,0,0,4,0,2,1,30,58.3,165.9,173.8,205.5,212.5,201,241.5,808,2215.2,165.9,232,2,0,0,0,2,50,42,137
2020/06/27,2108,1780,65,263,3,4.1,3,0,0,0,3,0,1,1,30,58.3,167.2,174.4,205.5,212.5,201,241.5,808,2215.2,166.1,232.4,1,0,0,0,2,53,43.4,138
2020/06/28,2110,1783,64,263,2,4.3,2,0,0,0,2,0,1,1,30,59.2,167.2,174.4,205.5,212.5,201,241.5,808,2226.5,166.1,232.8,0,0,0,0,2,53,45.3,139
2020/06/29,2114,1786,65,263,1,3.6,4,0,0,0,4,2,3,1,30,59.2,168.4,174.4,206.2,213.2,201,241.5,808,2226.5,166.5,233.2,3,0,0,0,1,54,44.4,140
2020/06/30,2117,1790,64,263,10,4.4,3,0,0,0,3,0,3,1,30,60,169,174.4,206.2,213.9,201,241.5,808,2226.5,166.5,233.7,2,0,0,0,1,54,44.4,141
2020/07/01,2119,1793,63,263,4,4.6,2,0,0,0,2,0,3,2,30,60.9,169,174.4,206.2,214.6,201,241.5,808,2226.5,166.5,234.1,2,0,0,0,0,53,45.3,142
2020/07/02,2125,1800,62,263,4,4.3,6,0,0,1,5,0,3,1,30,61.8,170.9,175,206.2,214.6,201.8,241.5,808,2226.5,167.1,234.6,3,0,1,0,2,56,42.9,143
2020/07/03,2133,1800,70,263,4,4,8,0,0,0,8,0,3,1,30,62.7,172.8,175.7,207.7,214.6,201.8,241.5,811,2226.5,168.3,235,3,0,0,0,5,61,45.9,144
2020/07/04,2137,1803,71,263,4,4.1,4,0,0,0,4,0,3,1,30,62.7,173.4,176.3,208.4,214.6,201.8,242.8,811,2226.5,168.6,235.4,0,1,0,1,2,59,47.5,145
2020/07/05,2139,1808,68,263,5,4.6,2,0,0,0,2,0,2,1,30,62.7,174,176.3,209.2,214.6,201.8,242.8,811,2226.5,168.6,235.8,1,0,0,0,1,55,49.1,146
2020/07/06,2145,1814,68,263,,4.4,6,0,0,1,5,0,2,1,30.9,64.5,175.2,176.3,209.9,214.6,201.8,242.8,811,2226.5,169.2,236.3,2,0,0,0,4,60,50,147
2020/07/07,2152,1820,69,263,6,3.9,7,0,0,1,6,0,1,1,30.9,65.3,177.7,176.3,210.7,215.3,201.8,242.8,811,2226.5,169.6,237.2,4,0,1,0,2,57,47.4,148
2020/07/08,2164,1827,74,263,5,4,12,0,0,1,11,0,1,1,33.6,65.3,178.9,176.9,212.1,216.8,202.7,244.1,811,2226.5,171,238.2,7,0,1,0,4,66,47,149
2020/07/09,2172,1831,78,263,5,4.1,8,0,0,0,8,1,2,0,33.6,66.2,180.2,178.2,212.1,218.9,202.7,244.1,811,2226.5,171.9,238.7,6,0,0,0,2,68,44.1,150
2020/07/10,2188,1834,91,263,12,5.3,16,0,0,0,16,0,2,0,33.6,67.1,182,182,212.1,221.1,204.4,245.4,811,2226.5,172.9,240.8,10,0,0,0,6,80,42.5,151
2020/07/11,2195,1836,96,263,7,5.7,7,0,0,0,7,1,2,1,33.6,68.9,182,183.2,212.9,222.5,204.4,245.4,811,2226.5,173.5,241.5,4,0,0,0,3,84,41.7,152
2020/07/12,2218,1839,116,263,9,6.3,23,0,0,2,21,1,3,1,35.5,69.8,188.9,184.5,214.4,224.6,205.2,246.8,811,2226.5,175,244.3,15,0,0,0,8,105,39,153
2020/07/13,2242,1844,135,263,6,7.1,24,0,0,2,22,0,3,0,35.5,70.6,196.3,186.4,215.9,226.8,207.7,246.8,811,2226.5,176.6,247.3,15,2,0,1,6,125,36.8,154
2020/07/14,2261,1853,145,263,4,6.9,19,0,0,2,17,1,4,0,37.3,72.4,200.6,187,218.8,227.5,208.6,248.1,811,2226.5,179.5,248.1,10,0,1,1,7,140,37.1,155
2020/07/15,2282,1854,165,263,15,8.3,21,0,0,0,21,1,5,0,38.2,75.1,206.2,188.3,221,229.6,208.6,248.1,811,2226.5,180.6,250.8,13,2,0,0,6,159,36.5,156
2020/07/16,2304,1858,183,263,7,8.6,22,0,0,1,21,0,5,0,40,76.8,209.9,188.9,224,233.9,208.6,248.1,814,2226.5,181.6,254,14,0,1,0,7,175,36,157
2020/07/17,2334,1861,210,263,17,9.3,30,0,1,0,29,0,5,1,43.6,83,214.9,189.6,226.2,237.5,208.6,249.4,816.9,2226.5,182.7,258.5,15,0,1,1,13,197,36,158
2020/07/18,2360,1867,230,263,16,10.6,26,0,2,0,24,2,6,1,43.6,89.2,217.3,193.4,230.7,238.9,209.4,249.4,816.9,2226.5,185.3,260.9,20,0,2,0,4,219,33.3,159
2020/07/19,2378,1867,248,263,28,13.3,18,0,0,0,18,0,6,1,43.6,92.7,222.3,195.2,232.2,239.7,209.4,249.4,816.9,2226.5,186.8,262.8,12,0,0,2,4,235,32.3,160
2020/07/20,2408,1872,273,263,47,19.1,30,0,3,0,27,2,8,3,47.3,97.1,226.6,196.5,238.1,241.1,211.1,249.4,816.9,2226.5,188.2,267,16,0,3,1,10,259,31.7,161
2020/07/21,2432,1877,292,263,23,21.9,24,0,1,0,23,0,8,3,49.1,101.6,231,198.4,241.1,242.5,211.9,249.4,816.9,2226.5,190.3,269.5,17,0,1,1,5,277,30.7,162
2020/07/22,2459,1884,312,263,13,21.6,27,0,3,1,23,2,9,3,54.6,105.1,234.7,201.6,242.6,243.9,213.6,249.4,816.9,2226.5,192.2,272.6,16,2,3,1,5,293,29.4,163
2020/07/23,2478,1894,321,263,29,24.7,19,0,1,1,17,1,10,3,56.4,107.7,237.2,204.7,242.6,246.1,215.3,249.4,816.9,2226.5,194.3,274.1,10,1,2,1,5,303,29.4,164
2020/07/24,2501,1902,336,263,34,27.1,23,0,4,1,18,0,7,3,59.1,113.9,240.3,207.3,244,246.1,217,249.4,816.9,2226.5,195.5,277.3,15,0,5,0,3,309,27.8,165
2020/07/25,2513,1915,335,263,26,28.6,12,0,1,1,10,1,8,3,61.8,113.9,242.1,207.9,245.5,248.2,217,249.4,816.9,2226.5,196.8,278.2,6,1,2,0,3,313,27.5,166
2020/07/26,2520,1920,337,263,21,27.6,7,0,1,0,6,2,10,4,62.7,114.8,242.1,208.5,246.3,248.2,219.5,249.4,816.9,2226.5,197.4,279,3,0,1,1,2,297,26.9,167
2020/07/27,2535,1933,338,264,22,24,15,0,1,1,13,1,10,4,62.7,114.8,247.1,209.8,246.3,249,221.2,250.7,819.9,2226.5,198.8,280.5,7,0,2,2,4,287,27.2,168
2020/07/28,2555,1964,327,264,14,22.7,20,0,1,2,17,1,11,4,64.6,118.3,250.2,212.3,247.7,250.4,221.2,250.7,819.9,2237.8,200.7,282.3,11,0,3,1,5,287,26.5,169
2020/07/29,2571,1985,322,264,20,23.7,16,2,0,2,12,2,12,4,66.4,119.2,252,215.5,248.5,251.1,222,252,822.9,2237.8,202.4,283.6,8,1,4,0,3,280,26.1,170
2020/07/30,2591,1995,332,264,19,22.3,20,1,1,0,18,1,13,4,67.3,125.4,255.7,216.7,248.5,251.8,222.9,253.4,825.9,2237.8,205.2,284.7,9,3,2,1,5,279,25.4,171
2020/07/31,2601,2018,319,264,18,20,10,0,0,1,9,1,14,3,69.1,126.3,257,218.6,248.5,252.5,223.7,253.4,825.9,2237.8,206.3,285.5,3,1,1,1,4,258,24,172
2020/08/01,2619,2048,307,264,15,18.4,18,0,0,0,18,1,14,2,70.9,128.9,260.7,220.5,249.2,254,224.5,253.4,825.9,2237.8,208.8,286.4,7,2,0,0,9,250,26.8,173
2020/08/02,2627,2071,292,264,2,15.7,8,0,0,0,8,0,14,2,70.9,129.8,261.9,222.4,249.2,255.4,224.5,253.4,825.9,2237.8,209.6,287.2,4,0,0,0,4,240,27.9,174
2020/08/03,2636,2093,279,264,10,14,9,0,1,1,7,0,13,1,72.7,131.6,261.9,223.7,250,256.1,224.5,254.7,825.9,2237.8,210.6,287.9,3,2,2,0,2,218,27.1,175
2020/08/04,2648,2117,267,264,20,14.9,12,0,0,1,11,1,12,1,74.6,135.1,262.5,224.9,250.7,256.8,225.4,254.7,825.9,2237.8,211.1,289.6,8,2,1,0,1,205,26.8,176
2020/08/05,2657,2146,247,264,12,13.7,9,1,0,0,8,1,13,1,74.6,136.9,263.8,227.5,250.7,257.5,225.4,254.7,825.9,2237.8,212.5,290,3,1,1,1,3,187,28.3,177
2020/08/06,2667,2181,222,264,13,12.9,10,0,0,0,10,1,11,2,78.2,136.9,264.4,228.7,251.5,259,225.4,254.7,825.9,2237.8,213.5,290.9,3,1,0,1,5,179,29.6,178
2020/08/07,2679,2192,223,264,6,11.1,12,0,0,3,9,1,11,2,80,140.4,266.3,228.7,251.5,259,227.1,256,825.9,2237.8,213.7,292.9,5,4,2,0,1,167,30.5,179
2020/08/08,2685,2215,206,264,14,11,6,1,0,1,4,1,12,1,81.8,140.4,267.5,228.7,252.2,259.7,227.1,256,825.9,2237.8,214,293.7,3,0,2,0,1,161,30.4,180
2020/08/09,2687,2226,197,264,16,13,2,0,0,1,1,2,14,2,81.8,140.4,267.5,229.4,252.2,260.4,227.1,256,825.9,2237.8,214.2,293.9,0,1,1,0,0,155,30.3,181
2020/08/10,2700,2237,199,264,8,12.7,13,2,0,1,10,0,14,1,81.8,140.4,270.6,231.3,253.7,261.1,227.9,257.3,825.9,2237.8,215.2,295.4,7,0,2,1,3,154,29.9,182
2020/08/11,2713,2246,203,264,8,11,13,2,0,1,10,0,14,1,83.7,143.1,272.4,231.3,254.4,263.3,227.9,258.6,825.9,2237.8,216.4,296.7,9,0,3,0,1,148,28.4,183
2020/08/12,2720,2271,185,264,12,11,7,3,0,0,4,0,12,2,83.7,143.9,272.4,233.2,255.9,264,227.9,258.6,825.9,2237.8,217.3,297,3,0,3,0,1,141,28.4,184
2020/08/13,2742,2290,188,264,11,10.7,22,0,0,0,22,0,11,2,89.1,149.2,277.4,234.4,255.9,264,227.9,258.6,825.9,2237.8,220,298.5,18,0,0,2,2,143,25.9,185
2020/08/14,2753,2307,182,264,6,10.7,11,4,0,1,6,1,12,2,89.1,151,279.3,235.1,257.4,265.4,228.7,258.6,825.9,2237.8,221.2,299.4,4,0,5,1,1,144,23.6,186
2020/08/15,2757,2319,174,264,2,9,4,0,0,0,4,1,13,2,90,151,279.9,235.7,257.4,266.1,228.7,258.6,825.9,2237.8,221.6,299.8,3,0,0,0,1,130,20,187
2020/08/16,2761,2342,155,264,26,10.4,4,0,0,1,3,0,13,2,90,151,281.7,235.7,257.4,266.1,228.7,258.6,825.9,2249.1,222,300.2,1,0,1,1,1,125,18.4,188
2020/08/17,2784,2350,169,265,8,10.4,23,1,0,4,18,1,11,1,90.9,154.5,286.7,237.6,257.4,269,231.3,258.6,825.9,2249.1,224.1,302.4,16,0,5,1,1,136,16.2,189
2020/08/18,2810,2357,188,265,15,11.4,26,1,0,1,24,0,9,1,91.8,159.8,290.4,238.8,258.9,273.3,232.9,258.6,825.9,2260.4,227.8,303.7,11,1,2,2,10,150,20.7,190
2020/08/19,2834,2372,197,265,23,13,24,4,2,3,15,2,9,1,97.3,162.5,291.6,241.4,259.6,276.1,235.5,260,825.9,2260.4,229.7,306.3,11,1,9,0,3,162,19.1,191
2020/08/20,2852,2380,206,266,24,14.9,18,1,0,1,16,3,8,0,98.2,165.1,295.4,243.3,261.1,277.6,235.5,260,825.9,2271.7,230.8,308.6,9,1,2,3,3,169,17.2,192
2020/08/21,2873,2394,213,266,16,16.3,21,3,0,2,16,0,8,0,99.1,167.8,297.2,247.7,263.3,279,236.3,260,828.9,2271.7,232.4,311,11,0,5,1,4,178,18,193
2020/08/22,2892,2403,223,266,16,18.3,19,1,0,0,18,1,9,0,100,172.2,301.6,247.7,264.8,281.1,237.1,260,828.9,2271.7,234.9,312.1,12,0,1,0,6,192,19.3,194
2020/08/23,2909,2410,233,266,13,16.4,17,0,1,1,15,0,9,0,100.9,175.7,304.6,248.3,267,281.9,237.1,261.3,828.9,2283,236.6,313.6,7,0,2,1,7,207,21.3,195
2020/08/24,2928,2413,249,266,19,18,19,2,0,0,17,1,10,1,101.8,180.1,308.4,250.2,267.8,282.6,237.1,263.9,828.9,2283,238.4,315.5,8,0,2,1,8,213,23,196
2020/08/25,2942,2425,251,266,23,19.1,14,0,0,1,13,4,13,2,102.8,181.9,309,252.1,269.3,284.7,238,265.2,828.9,2283,240.7,315.8,4,0,1,1,8,214,26.2,197
2020/08/26,2959,2435,258,266,15,18,17,1,0,3,13,0,13,2,102.8,182.8,313.3,254,271.5,286.2,238.8,265.2,828.9,2283,242.2,317.5,6,1,3,1,6,222,27.5,198
2020/08/27,2972,2445,261,266,16,16.9,13,1,0,3,9,1,11,2,102.8,187.2,315.8,254,273,286.2,239.7,266.6,828.9,2283,243.4,318.8,8,0,4,0,1,210,28.6,199
2020/08/28,2999,2463,270,266,20,17.4,27,0,4,3,20,1,11,1,105.5,190.7,320.1,254.6,277.4,289,241.4,266.6,828.9,2283,246.3,321.1,15,1,6,0,5,225,28.4,200
2020/08/29,3020,2470,284,266,12,16.9,21,0,1,2,18,0,11,1,106.4,193.4,322.6,256.5,281.1,289,243.9,269.2,828.9,2283,248.6,322.7,9,2,3,4,3,240,27.5,201
2020/08/30,3040,2475,298,267,16,17.3,20,0,2,6,12,2,12,1,108.2,195.2,325.1,258.4,281.9,290.4,245.6,270.5,831.8,2305.6,249.8,325.3,10,0,7,0,3,251,27.1,202
2020/08/31,3060,2487,306,267,13,16.4,20,1,0,3,16,1,13,1,109.1,196.9,327.6,260.3,284.8,291.9,248.1,271.8,831.8,2305.6,251.7,327.2,9,2,4,3,2,249,27.7,203
2020/09/01,3086,2508,311,267,18,15.7,26,1,0,3,22,0,13,1,111.8,200.5,332.5,261,287.8,291.9,251.4,273.2,834.8,2305.6,254.2,329.6,13,1,4,2,6,247,26.3,204
2020/09/02,3124,2534,323,267,14,15.6,38,1,0,10,27,0,11,1,114.6,207.5,338.7,263.5,290.8,292.6,253.1,274.5,846.8,2316.9,258.1,333,18,4,11,2,3,254,25.6,205
2020/09/03,3146,2555,324,267,24,16.7,22,1,0,4,17,0,9,1,116.4,208.4,341.8,264.8,294.5,294.7,253.1,275.8,855.7,2316.9,259.4,335.8,9,1,5,2,5,255,26.3,206
2020/09/04,3168,2573,328,267,24,17.3,22,0,0,3,19,3,12,1,119.1,210.2,344.3,266.7,297.4,295.5,254,281.1,855.7,2316.9,261.8,337.6,14,1,3,1,3,255,25.9,207
2020/09/05,3193,2591,335,267,17,18,25,1,0,11,13,2,14,1,119.1,211.1,348.6,270.4,297.4,295.5,255.6,286.4,867.6,2328.2,263.9,340.2,7,1,12,1,4,250,25.6,208
2020/09/06,3214,2610,337,267,26,19.4,21,1,1,3,16,1,15,1,120,212.8,353.6,272.3,298.2,297.6,257.3,286.4,870.6,2328.2,264.8,343.2,11,1,4,1,4,253,24.1,209
2020/09/07,3255,2626,362,267,29,21.7,41,3,0,5,33,0,13,1,120.9,219,359.1,275.5,304.9,301.2,259.9,286.4,876.6,2328.2,269.1,346.7,21,1,8,1,10,270,23.3,210
2020/09/08,3306,2641,398,267,24,22.6,51,0,2,13,36,3,15,1,123.7,225.2,367.2,278.7,309.3,302.6,266.6,291.6,885.5,2328.2,273.9,351.6,23,3,14,1,10,296,22,211
2020/09/09,3351,2655,429,267,15,22.7,45,2,2,10,31,0,14,1,125.5,231.4,377.1,281.8,315.2,304,268.3,294.3,888.5,2328.2,277.8,356.2,20,3,14,2,6,316,20.6,212
2020/09/10,3428,2671,490,267,33,24,77,1,3,21,52,2,15,2,127.3,242,387,288.8,321.2,309,275,304.8,894.5,2362.1,285.5,363.1,33,4,24,1,15,363,21.8,213
2020/09/11,3458,2687,504,267,60,29.1,30,0,4,1,25,0,13,1,132.8,245.5,392.6,291.9,321.9,311.2,276.7,304.8,894.5,2362.1,288.4,365.9,14,1,5,2,8,367,22.3,214
2020/09/12,3507,2708,530,269,47,33.4,49,0,3,4,42,1,13,0,135.5,248.1,405,300.1,324.1,314.1,278.4,304.8,894.5,2373.4,293.4,370.2,27,4,7,0,11,393,22.9,215
2020/09/13,3542,2729,543,270,31,34.1,35,1,0,5,29,1,12,1,139.1,250.8,411.2,303.9,327.1,316.2,280.9,306.1,897.4,2373.4,296.3,373.9,14,4,6,2,9,409,23.5,216
2020/09/14,3610,2745,593,272,59,38.4,68,0,0,19,49,1,12,1,143.7,260.5,421.1,310.9,335.3,321.9,280.9,311.4,903.4,2373.4,302.1,381,27,6,19,1,15,441,24.7,217
2020/09/15,3683,2767,643,273,41,40.9,73,0,3,15,55,1,13,1,150.9,267.6,434.1,313.4,342.7,326.2,284.2,319.3,912.3,2407.3,308.7,388.3,34,4,17,1,17,476,25.2,218
2020/09/16,3760,2804,682,274,41,44.6,77,0,3,7,67,1,13,0,160,275.5,450.8,321.6,347.9,329.8,286.8,319.3,921.3,2407.3,315.6,395.9,33,9,10,3,22,518,26.8,219
2020/09/17,3810,2825,707,278,57,48,50,2,6,4,38,2,13,2,164.6,287,460.1,324.2,350.9,332.7,288.4,322,924.3,2407.3,318.9,402.1,21,6,12,0,11,546,26.6,220
2020/09/18,3897,2845,774,278,47,46.1,87,1,3,5,78,0,13,2,178.2,295.8,475.5,331.1,359.8,336.2,294.3,322,927.3,2418.6,326.7,410.8,49,11,9,2,16,609,25.9,221
2020/09/19,3967,2863,824,280,47,46.1,70,2,3,4,61,0,12,2,186.4,304.7,490.4,337.4,367.2,339.8,295.2,323.3,927.3,2418.6,334.2,416.6,39,6,9,1,15,661,25.6,222
2020/09/20,4009,2874,855,280,76,52.6,42,1,4,4,33,2,13,2,191,310.8,498.5,341.8,370.9,342,295.2,324.6,927.3,2429.9,338.1,420.7,13,6,9,1,13,680,26.2,223
2020/09/21,4117,2904,933,280,55,52,108,2,3,22,81,1,14,3,200,321.4,518.3,353.9,384.2,349.1,297.7,324.6,933.2,2452.5,348.1,431.1,42,20,27,1,18,730,25.5,224
2020/09/22,4225,2934,1011,280,85,58.3,108,0,1,27,80,3,17,3,210.1,328.5,541.2,364.6,393.9,357,301.9,329.9,939.2,2452.5,356.8,442.8,38,21,26,0,23,774,25.7,225
2020/09/23,4331,2980,1070,281,66,61.9,106,0,5,25,76,2,18,3,221,342.6,556.7,370.9,402.8,366.3,308.6,335.2,954.1,2463.8,367.8,452,42,12,29,1,22,821,26.2,226
2020/09/24,4433,3026,1125,282,38,59.1,102,2,5,19,76,2,20,3,231,353.2,574.6,379.8,410.9,372,316.2,340.5,960,2486.4,377.1,462,42,14,26,0,20,847,26,227
2020/09/25,4554,3080,1190,284,57,60.6,121,5,12,16,88,3,22,3,241.9,368.2,597.5,389.2,421.3,380.6,319.6,343.1,977.9,2509,389.2,472.8,47,23,33,2,16,923,24.7,228
2020/09/26,4638,3116,1236,286,76,64.7,84,3,3,13,65,3,23,4,243.7,377.9,616.1,395.6,430.2,386.3,324.6,348.4,980.9,2509,396.4,481.6,43,9,17,0,15,951,24.4,229
2020/09/27,4720,3167,1266,287,109,69.4,82,2,4,12,64,2,24,4,249.2,385.9,632.8,403.8,436.9,392,328,351,983.9,2542.9,402.8,490.7,37,10,18,1,16,991,24.1,230
2020/09/28,4836,3211,1337,288,86,73.9,116,3,4,11,98,6,29,4,256.4,403.6,653.3,414.5,447.3,398.5,334.7,353.7,989.9,2576.9,415.1,500.4,54,20,17,2,23,1048,23.6,231
2020/09/29,4943,3283,1369,291,58,70,107,5,9,18,75,4,29,3,261.9,413.3,673.7,420.8,462.1,405.6,344.8,356.3,992.8,2599.5,425.2,510.6,46,12,30,1,18,1081,22.9,232
2020/09/30,5026,3337,1398,291,108,76,83,1,5,10,67,5,32,5,266.4,423,684.2,429.7,469.5,414.9,350.7,360.2,1001.8,2599.5,430.6,520.9,48,7,15,1,12,1085,21.9,233
2020/10/01,5127,3399,1435,293,106,85.7,101,2,10,11,78,3,31,5,273.7,439.8,696.6,437.9,478.4,425.7,355.7,365.5,1010.7,2610.8,438.9,531.5,47,15,22,1,16,1130,21.5,234
2020/10/02,5223,3444,1485,294,115,94,96,0,4,13,79,1,31,5,283.7,445.1,713.9,445.5,489.6,433.5,359.9,372.1,1016.7,2622.1,446.8,541.7,41,16,17,1,21,1131,21.9,235
2020/10/03,5295,3504,1496,295,65,92.4,72,2,1,5,64,5,33,6,285.5,446.8,729.4,453.1,495.5,441.4,365,378.7,1016.7,2633.4,454.5,547.7,34,16,8,0,14,1132,21.8,236
2020/10/04,5353,3581,1477,295,77,87.9,58,1,2,8,47,3,34,6,288.3,452.1,740.6,456.8,502.2,446.4,368.3,381.4,1019.7,2656,459.9,553.3,31,5,11,0,11,1144,21.4,237
2020/10/05,5431,3658,1478,295,82,87.3,78,3,3,13,59,3,35,6,291,462.7,752.3,465.1,510.3,451.4,373.4,382.7,1028.6,2689.9,466.1,561.8,34,5,19,2,18,1123,21.8,238
2020/10/06,5507,3759,1452,296,139,98.9,76,5,3,15,53,2,36,7,298.3,469.8,762.2,472,516.3,457.1,378.4,386.6,1040.5,2735.1,473.3,569.1,31,7,22,0,16,1102,21.6,239
2020/10/07,5608,3846,1466,296,175,108.4,101,13,4,21,63,3,38,10,305.5,490.1,775.9,479,525.2,461.4,382.6,391.9,1058.4,2780.3,482.4,579.2,37,9,37,1,17,1100,21.2,240
2020/10/08,5688,3967,1425,296,85,105.4,80,5,6,14,55,2,38,9,312.8,506.9,783.3,484.6,531.8,466.4,387.7,395.9,1070.4,2814.2,491.2,585.5,35,7,24,0,14,1084,20.9,241
2020/10/09,5774,4051,1427,296,96,102.7,86,5,2,20,59,2,39,9,320.1,516.6,790.1,491.6,545.2,475.7,392.7,395.9,1094.2,2814.2,499.9,593.1,37,8,27,1,13,1045,21.4,242
2020/10/10,5840,4130,1413,297,67,103,66,5,2,7,52,6,45,9,326.4,523.7,796.9,496.7,556.3,480,398.6,397.2,1100.2,2825.5,505.2,600.4,28,6,13,0,19,1032,22.1,243
2020/10/11,5904,4229,1378,297,140,112,64,6,4,6,48,5,48,10,330.1,537.8,805,502.3,562.3,484.3,401.1,403.8,1100.2,2825.5,511.5,606.2,28,11,16,0,9,1020,21.7,244
2020/10/12,5967,4320,1350,297,63,109.3,63,2,3,16,42,2,47,10,334.6,544,815.5,504.9,569.7,490.8,405.3,406.4,1103.2,2859.4,516.4,613.2,16,11,21,1,14,961,22.1,245
2020/10/13,6052,4383,1371,298,74,100,85,4,3,10,68,1,46,7,343.7,559,827.3,509.3,580.8,498.6,407.9,409.1,1103.2,2870.7,524.7,621.1,36,12,17,3,17,945,22.3,246
2020/10/14,6118,4444,1374,300,84,87,66,1,1,16,48,2,45,7,347.4,567.8,832.8,515.6,588.2,506.5,410.4,417,1109.1,2882,529.9,628.3,26,8,18,0,14,921,23.1,247
2020/10/15,6204,4504,1400,300,107,90.1,86,4,5,25,52,5,49,8,351.9,583.7,840.3,521.9,596.4,519.4,414.6,420.9,1121,2882,537.8,636.7,30,6,34,4,12,891,23.5,248
2020/10/16,6279,4558,1420,301,78,87.6,75,2,4,10,59,4,47,8,354.6,594.3,848.3,527.6,605.3,527.2,418.8,427.5,1130,2904.6,544.9,643.8,30,9,16,1,19,873,23.7,249
2020/10/17,6326,4622,1402,302,63,87,47,1,0,10,36,6,49,8,354.6,597.8,854.5,530.8,608.2,531.5,426.4,430.2,1150.9,2904.6,548.4,649.2,20,11,11,0,5,843,23.5,250
2020/10/18,6381,4711,1365,305,74,77.6,55,1,5,9,40,2,48,6,355.5,605.8,861.9,534.6,611.2,538,430.6,434.1,1159.8,2938.5,553.3,654.8,16,14,15,0,10,839,23.5,251
2020/10/19,6445,4794,1344,307,69,78.4,64,1,0,6,57,3,47,6,363.7,616.4,866.3,539.6,617.1,544.4,435.6,438.1,1165.8,2938.5,558.9,661.3,37,9,7,0,11,832,22.8,252
2020/10/20,6524,4867,1348,309,46,74.4,79,4,4,12,59,4,45,5,370.1,628.7,876.2,549.1,624.6,549.4,439.8,442.1,1168.8,2949.8,565.2,669.8,26,12,20,4,17,837,22.8,253
2020/10/21,6612,4929,1371,312,69,72.3,88,1,1,46,40,4,44,4,373.7,633.2,880.5,556.1,627.5,555.1,444,455.3,1231.4,3096.7,573.1,678.6,20,4,48,0,16,799,23.8,254
2020/10/22,6678,5010,1356,312,88,69.6,66,2,4,24,36,1,43,3,375.5,640.2,884.2,560.5,640.9,563,449.1,457.9,1237.3,3142,579.1,685.1,15,9,30,1,11,774,24.2,255
2020/10/23,6759,5085,1361,313,93,71.7,81,1,1,13,66,2,37,3,382.8,649.9,891,568.1,649.8,570.9,455,461.9,1246.3,3175.9,586.5,693.1,36,10,15,1,19,776,24.9,256
2020/10/24,6824,5155,1352,317,63,71.7,65,2,5,17,41,2,37,3,389.2,657.9,894.7,572.5,656.5,576.6,462.5,463.2,1258.2,3232.4,590.7,701.1,27,2,24,1,11,764,24.2,257
2020/10/25,6894,5242,1333,319,69,71,70,1,3,24,42,3,39,3,391,667.6,901.6,576.9,658.7,582.3,469.3,467.1,1291,3300.2,596.3,708.8,31,6,28,0,5,752,24.1,258
2020/10/26,6967,5354,1293,320,77,72.1,73,1,5,16,51,4,40,3,401.9,677.3,905.9,585.1,662.4,590.2,470.9,472.4,1308.9,3322.8,601.9,717,29,11,22,1,10,762,23.2,259
2020/10/27,7045,5462,1261,322,61,74.3,78,0,3,15,60,1,33,3,409.2,693.2,915.2,593.3,663.1,595.2,472.6,481.7,1314.8,3379.3,609.7,724,36,11,18,0,13,750,23.1,260
2020/10/28,7157,5563,1269,325,94,77.9,112,2,3,69,38,2,31,2,411,699.4,923.9,595.9,671.3,600.2,480.2,501.4,1377.5,3627.9,618.7,736.1,23,4,73,0,12,744,23,261
2020/10/29,7221,5641,1254,326,65,74.6,64,0,4,18,42,9,39,2,411.9,707.3,931.9,601.5,678,608.1,484.4,505.4,1383.4,3650.5,624.7,742.3,28,3,22,0,11,729,23.3,262
2020/10/30,7271,5720,1223,328,122,78.7,50,1,4,9,36,4,42,2,417.4,709.1,939.9,606,684.6,610.9,486.9,505.4,1398.3,3661.8,628.4,748.1,22,6,14,0,8,705,22.6,263
2020/10/31,7310,5828,1153,329,83,81.6,39,0,2,5,32,2,41,2,417.4,716.2,945.5,608.5,688.4,615.2,490.3,506.7,1401.3,3673.1,632.5,751.4,21,1,7,0,10,702,23.4,264
2020/11/01,7360,5917,1111,332,50,78.9,50,1,3,6,40,1,40,2,418.3,727.6,948.6,612.9,695.8,617.4,494.5,506.7,1407.3,3718.4,637.1,756.3,22,3,10,0,15,700,24.1,265
2020/11/02,7424,6030,1062,332,56,75.9,64,3,6,8,47,6,45,2,423.7,739.1,956,618,703.9,623.1,496.2,508,1413.2,3729.7,642.9,762.6,33,2,17,2,10,698,24.1,266
2020/11/03,7496,6173,990,333,36,72.3,72,1,1,37,33,1,46,2,429.2,745.3,959.1,624.9,709.9,628.8,502,514.6,1443.1,3786.2,647.5,771.5,25,2,39,2,4,666,23.3,267
2020/11/04,7561,6311,913,337,52,66.3,65,5,8,1,51,1,43,1,438.3,755.9,963.5,628.7,717.3,636,505.4,518.6,1452,3786.2,652.5,778.8,34,3,14,1,13,688,22.1,268
2020/11/05,7607,6401,869,337,45,63.4,46,0,7,5,34,5,46,2,440.1,769.1,969.7,634.4,721,638.1,505.4,518.6,1455,3797.5,657.4,782.7,22,0,12,3,9,687,21.8,269
2020/11/06,7681,6477,863,341,79,57.3,74,1,3,12,58,3,48,3,446.5,777.1,977.7,640.7,727.7,645.3,508.8,521.2,1478.8,3820.1,665.5,788.7,46,0,15,2,11,682,20.8,270
2020/11/07,7717,6540,831,346,75,56.1,36,3,3,4,26,3,48,4,446.5,780.6,983.9,642.6,729.9,649.6,513.8,525.2,1481.8,3820.1,668,792.9,15,3,10,0,8,666,20.9,271
2020/11/08,7754,6639,769,346,47,55.7,37,1,2,5,29,1,49,4,450.1,783.3,990.1,647.7,733.6,651.7,515.5,525.2,1484.8,3831.4,671.3,796.7,17,0,8,3,9,652,21.9,272
2020/11/09,7824,6737,737,350,31,52.1,70,3,2,23,42,7,48,4,454.7,791.2,996.9,651.5,738.8,655.3,518,529.2,1523.6,3921.8,677.1,804.1,28,0,28,2,12,642,22.6,273
2020/11/10,7891,6795,746,350,51,54.3,67,0,2,11,54,3,48,5,459.2,800.9,1008.7,656.5,744,659.6,520.5,537.1,1523.6,3944.4,683.1,810.8,31,1,13,3,19,635,23.8,274
2020/11/11,7948,6850,745,353,78,58,57,0,2,6,49,2,47,5,464.7,808.9,1017.4,661.6,749.9,664.6,523.1,538.4,1523.6,3955.7,689.2,815.5,32,2,8,2,13,642,23.7,275
2020/11/12,7990,6902,733,355,59,60,42,1,2,8,31,3,44,3,471.9,811.5,1023.5,666,750.7,667.4,524.8,539.7,1529.5,4000.9,692.9,819.8,23,3,11,0,5,630,23.2,276
2020/11/13,8029,6962,710,357,80,60.1,39,1,4,8,26,0,37,3,475.6,816.8,1028.5,669.2,755.1,670.3,526.4,541,1538.5,4000.9,697.4,822.7,24,1,13,0,1,620,22.4,277
2020/11/14,8049,7006,686,357,51,56.7,20,3,2,1,14,3,38,3,478.3,816.8,1032.2,671.7,755.1,671,529,545,1538.5,4000.9,699.7,824.2,9,1,6,1,3,605,21.8,278
2020/11/15,8080,7077,643,360,29,54.1,31,1,3,1,26,0,36,2,481,820.4,1034.1,672.9,759.6,675.3,533.2,547.6,1538.5,4000.9,702.6,827.2,16,0,5,1,9,591,21.3,279
2020/11/16,8125,7157,605,363,11,51.3,45,0,2,3,40,3,34,2,487.4,824.8,1037.8,678,763.3,681,534.8,550.3,1538.5,4023.5,705.9,832.4,28,1,5,0,11,577,22,280
2020/11/17,8166,7222,581,363,40,49.7,41,1,1,10,29,1,33,2,492.8,828.3,1040.3,681.2,766.2,686,537.4,552.9,1544.4,4068.7,709.5,836.5,20,0,12,1,8,573,22.9,281
2020/11/18,8206,7271,572,363,66,48,40,3,2,6,29,1,33,2,497.4,832.7,1044,685.6,769.9,689.6,540.7,555.5,1547.4,4068.7,713,840.6,17,4,11,2,6,543,22.8,282
2020/11/19,8226,7308,554,364,53,47.1,20,1,0,1,18,0,31,2,498.3,834.5,1048.3,687.5,773.7,691.1,540.7,555.5,1547.4,4068.7,715.1,842.3,7,1,2,4,6,521,23.2,283
2020/11/20,8251,7376,511,364,29,39.9,25,1,2,2,20,1,31,2,501.9,837.1,1050.8,690,775.1,694.6,542.4,556.9,1547.4,4068.7,717.6,844.5,11,1,5,2,6,481,24.1,284
2020/11/21,8280,7435,480,365,27,36.4,29,4,2,4,19,2,33,2,502.9,839.8,1053.9,695.1,778.8,695.3,543.3,558.2,1556.4,4080,720.7,846.9,11,0,10,1,7,474,24.3,285
2020/11/22,8306,7474,464,368,25,35.9,26,3,1,4,18,3,33,4,505.6,840.7,1057.6,698.2,781.8,696.8,545.8,559.5,1559.3,4080,722.9,849.7,12,1,8,0,5,464,23.9,286
2020/11/23,8349,7529,450,370,20,37.1,43,3,3,10,27,1,28,3,510.1,845.1,1062.6,703.9,787,698.9,547.5,560.8,1559.3,4113.9,726.7,854,15,0,16,1,11,450,24.4,287
2020/11/24,8400,7563,467,370,21,34.4,51,5,1,8,37,1,24,3,517.4,849.5,1065,712.8,789.2,704.6,550.8,563.5,1562.3,4136.5,730.8,859.6,27,2,14,1,7,437,22.4,288
2020/11/25,8458,7608,479,371,38,30.4,58,3,2,11,42,2,24,2,521.9,860.1,1070.6,716.5,795.2,711.8,553.3,568.7,1565.3,4136.5,736,865.4,28,3,16,0,11,433,22.2,289
2020/11/26,8504,7636,496,372,60,31.4,46,1,1,5,39,3,24,2,528.3,868,1074.3,721.6,798.1,712.5,556.7,574,1574.2,4136.5,740.6,869.5,26,3,6,2,9,441,22.7,290
2020/11/27,8547,7670,503,374,55,35.1,43,1,1,3,38,3,25,1,531,876,1079.3,728.6,801.1,714.7,558.4,576.7,1577.2,4136.5,745.1,873.2,21,3,5,2,12,450,24.7,291
2020/11/28,8584,7710,499,375,59,39.7,37,2,1,2,32,2,26,1,532.9,878.6,1085.5,734.9,803.3,716.8,561.8,578,1580.2,4136.5,748.9,876.4,14,2,5,1,15,466,26.4,292
2020/11/29,8632,7739,516,377,22,39.3,48,0,3,4,41,5,28,1,535.6,883.1,1096.6,738,808.5,718.2,565.1,581.9,1583.2,4136.5,753.8,880.7,21,1,7,1,18,480,27.5,293
2020/11/30,8675,7774,523,378,48,43.3,43,1,0,7,35,1,24,1,538.3,886.6,1102.2,745,812.2,721.8,567.6,583.3,1583.2,4159.1,758.8,883.6,21,0,8,1,13,474,28.3,294
2020/12/01,8722,7807,537,378,32,44.9,47,2,1,8,36,3,26,1,541,892.8,1109.6,750,815.9,725.4,569.3,587.2,1583.2,4181.7,764,887.4,17,3,11,0,16,482,29.5,295
2020/12/02,8763,7834,550,379,49,46.4,41,1,2,7,31,6,30,1,546.5,897.2,1115.8,751.9,821.9,727.5,571.8,589.9,1586.2,4181.7,767.1,892,20,1,10,0,10,482,30.3,296
2020/12/03,8802,7872,550,380,38,43.3,39,0,1,6,32,3,31,1,549.2,904.3,1120.1,754.5,827.1,733.3,572.7,591.2,1586.2,4181.7,770.4,896.1,18,1,7,1,12,496,30.6,297
2020/12/04,8846,7909,555,382,56,43.4,44,2,4,5,33,2,30,1,552,909.5,1124.5,761.4,830.8,737.6,575.2,593.8,1589.1,4181.7,775,899.8,22,2,11,1,8,512,30.1,298
2020/12/05,8883,7955,546,382,45,41.4,37,2,1,3,31,1,30,1,553.8,911.3,1132.5,764.6,833,740.4,579.4,596.5,1589.1,4193,779.3,902.6,19,1,6,2,9,521,29.9,299
2020/12/06,8918,7999,536,383,33,43,35,0,2,4,29,1,30,2,556.5,914.8,1138.1,768.4,835.2,744,581.1,597.8,1595.1,4193,782.2,906.4,16,2,6,2,9,530,30.2,300
2020/12/07,8976,8048,544,384,23,39.4,58,0,5,4,49,2,30,1,568.3,921.9,1147.4,772.2,840.4,746.1,583.6,597.8,1604.1,4193,786.6,912.9,32,5,9,0,12,551,29.2,301
2020/12/08,9026,8091,551,384,58,43.1,50,1,1,3,45,0,28,1,572.9,928.1,1158.5,774.7,845.6,750.4,584.5,597.8,1610,4193,790.1,918.8,32,3,5,2,8,555,29.2,302
2020/12/09,9078,8133,559,386,36,41.3,52,2,2,2,46,1,25,3,575.6,931.6,1168.4,778.5,851.5,754.7,589.5,599.1,1613,4204.3,794.3,924.4,21,4,6,1,20,558,30.6,303
2020/12/10,9123,8180,557,386,61,44.6,45,2,1,1,41,1,24,3,577.4,939.6,1176.5,782.9,856.7,758.3,590.3,600.4,1613,4204.3,799.4,928,25,1,4,0,15,560,31.6,304
2020/12/11,9157,8233,538,386,44,42.9,34,5,0,2,27,1,24,2,579.2,944.9,1182.1,787.3,859,760.4,592.9,601.7,1613,4204.3,803,930.7,19,1,7,1,6,552,31,305
2020/12/12,9190,8276,527,387,65,45.7,33,4,0,5,24,0,21,2,582.9,947.5,1183.9,792.4,861.9,764,594.6,603.1,1613,4238.2,805.9,934.1,14,3,9,1,6,545,29.7,306
2020/12/13,9229,8317,524,388,28,45,39,5,0,2,32,0,20,2,584.7,953.7,1190.1,798.7,865.6,765.5,596.2,604.4,1613,4238.2,809.8,937.6,24,0,7,0,8,538,28.3,307
2020/12/14,9271,8361,522,388,12,43.4,42,2,0,3,37,2,21,2,584.7,963.4,1196.9,802.5,867.9,769,600.4,605.7,1613,4238.2,813.5,941.9,21,3,5,1,12,541,27.9,308
2020/12/15,9316,8399,528,389,55,43,45,2,1,6,36,1,21,1,586.5,969.6,1202.5,806.9,870.8,776.2,603,605.7,1619,4249.5,816.2,947.7,20,2,9,0,14,541,27.5,309
2020/12/16,9374,8435,550,389,53,45.4,58,3,1,5,49,0,19,1,589.2,983.7,1206.2,814.5,876.8,780.5,605.5,608.3,1619,4272.2,821.8,953.1,32,2,8,0,16,561,27.6,310
2020/12/17,9413,8476,547,390,62,45.6,39,1,2,5,31,1,18,0,592.9,989,1209.9,815.8,881.2,786.2,606.3,609.7,1624.9,4306.1,826.6,955.7,22,0,8,0,9,562,27,311
2020/12/18,9452,8531,531,390,26,43,39,3,0,3,33,0,16,0,594.7,996.1,1214.9,818.3,885.7,791.2,606.3,613.6,1627.9,4306.1,830.8,958.9,14,2,6,2,15,559,28.4,312
2020/12/19,9491,8574,527,390,46,40.3,39,1,3,8,27,3,19,0,594.7,999.6,1221.1,821.4,893.1,794.8,608.8,613.6,1633.9,4306.1,834.7,962.4,12,1,12,1,13,556,29.3,313
2020/12/20,9536,8625,521,390,25,39.9,45,4,3,4,34,0,16,0,596.5,1006.7,1229.1,823.3,901.2,795.5,610.5,614.9,1639.8,4328.7,839.1,966.5,17,2,11,2,13,566,29.5,314
2020/12/21,9606,8680,536,390,20,41,70,6,0,6,58,1,15,0,600.1,1011.1,1237.2,828.4,912.4,801.9,616.4,624.2,1642.8,4340,845.1,973.8,32,5,12,1,20,576,30.4,315
2020/12/22,9689,8719,580,390,69,43,83,3,2,6,72,2,15,0,602.9,1020.8,1248.3,836.6,919,812,624,628.1,1648.8,4351.3,852.9,981.8,33,4,11,3,32,606,32.8,316
2020/12/23,9788,8750,648,390,54,43.1,99,5,1,6,87,1,14,1,605.6,1034.1,1268.1,845.4,928.7,817.7,630.7,634.7,1651.8,4351.3,863.5,989.8,52,10,12,4,21,649,30.8,317
2020/12/24,9861,8797,674,390,48,41.1,73,11,2,5,55,2,14,1,606.5,1045.5,1273.7,852.4,939.8,824.1,636.6,638.7,1666.7,4351.3,871,996.1,33,2,18,1,19,673,30.3,318
2020/12/25,9928,8831,707,390,49,44.4,67,5,1,3,58,0,11,1,609.2,1059.7,1282.4,857.5,949.4,827.7,639.1,644,1666.7,4362.6,876.8,1003,32,3,9,0,23,705,31.3,319
2020/12/26,10027,8880,757,390,96,51.6,99,7,2,4,86,2,13,2,618.3,1069.4,1292.9,865.7,959.1,842.7,648.4,647.9,1666.7,4362.6,885.7,1012.7,61,7,13,1,17,772,30.1,320
2020/12/27,10136,8925,820,391,36,53.1,109,9,2,7,91,2,13,4,626.5,1079.1,1305.3,878.9,973.2,854.2,653.4,653.2,1675.6,4362.6,896.7,1022.4,65,0,17,1,26,838,29.8,321
2020/12/28,10276,8963,922,391,66,59.7,140,14,1,6,119,1,13,2,636.5,1095.9,1325.1,890.9,988,865.6,662.7,663.8,1684.6,4373.9,908.5,1037.1,83,8,20,3,26,934,28.3,322
2020/12/29,10396,9006,999,391,112,65.9,120,4,0,15,101,3,12,4,641.1,1110,1342.4,901.1,1002.9,877.1,669.4,670.4,1699.5,4385.2,919.5,1048.8,70,5,16,2,27,1003,27.6,323
2020/12/30,10525,9053,1081,391,87,70.6,129,12,0,9,108,3,14,5,649.3,1134.7,1364.1,908.6,1011.8,887.8,671.9,678.3,1711.4,4407.8,931.3,1061.5,78,6,21,0,24,1069,26.7,324
2020/12/31,10652,9094,1167,391,146,84.6,127,0,0,9,118,2,14,5,660.2,1147.1,1379.6,924.4,1024.4,897.1,682,680.9,1720.3,4453,944.6,1072.1,83,8,9,0,27,1153,26.3,325
2021/01/01,10765,9151,1222,392,89,90.3,113,0,1,5,107,2,14,6,665.6,1162.1,1394.4,937.1,1039.2,906.4,687.1,688.8,1723.3,4453,956,1082.1,66,1,6,1,39,1225,26.7,326
2021/01/02,10883,9205,1286,392,132,95.4,118,4,0,9,105,2,16,6,673.8,1174.5,1411.2,947.2,1054.8,918.5,691.3,694.1,1735.2,4464.3,965.1,1095.4,76,3,13,3,23,1303,25.9,327
2021/01/03,11007,9297,1317,393,105,105.3,124,0,0,5,119,3,19,5,688.4,1189.5,1429.1,957.9,1066.6,930.7,696.3,698.1,1744.2,4464.3,976.5,1107.5,72,11,5,2,34,1381,25.9,328
2021/01/04,11178,9360,1425,393,117,112.6,171,5,1,28,137,5,22,8,700.2,1208.9,1453.3,976.2,1080.7,945,703,702,1768,4577.3,992.9,1123.5,86,6,33,3,43,1461,26.1,329
2021/01/05,11321,9424,1502,395,104,111.4,143,4,0,19,120,6,25,8,713.8,1230.1,1476.2,984.5,1097.1,952.9,712.3,707.3,1780,4599.9,1007.8,1135.8,82,4,21,3,33,1510,25.3,330
2021/01/06,11505,9514,1596,395,130,117.6,184,8,1,43,132,7,30,7,727.5,1245.1,1500.3,1002.2,1118.6,972.9,724.1,717.9,1791.9,4622.5,1028.1,1150.5,77,11,52,3,41,1558,25.8,331
2021/01/07,11623,9597,1631,395,188,123.6,118,3,1,7,107,6,34,9,738.4,1261,1526.3,1007.8,1127.5,983.6,728.3,721.8,1797.9,4622.5,1040.8,1160.2,73,8,10,1,26,1602,25.5,332
2021/01/08,11751,9697,1659,395,187,137.6,128,6,1,12,109,0,32,11,750.2,1273.4,1543.7,1016.1,1143,1000.1,732.5,724.5,1818.7,4645.1,1052,1173.2,69,8,19,1,31,1654,25.2,333
2021/01/09,11849,9785,1667,397,156,141,98,5,0,2,91,4,32,11,755.6,1291.9,1559.2,1025.5,1150.5,1010.8,734.2,729.7,1818.7,4645.1,1061.9,1182,63,3,7,2,23,1655,25.6,334
2021/01/10,11938,9891,1650,397,113,142.1,89,4,1,3,81,5,36,11,762.9,1312.2,1574.6,1031.9,1156.4,1016.6,738.4,731.1,1821.7,4645.1,1071.3,1189.4,59,5,8,1,16,1638,25.2,335
2021/01/11,12104,10005,1702,397,66,134.9,166,2,2,27,135,3,36,13,776.6,1337.8,1593.2,1045.8,1168.3,1028,747.6,739,1857.5,4746.8,1088.5,1203.8,80,14,31,6,35,1642,25.7,336
2021/01/12,12241,10115,1728,398,160,142.9,137,1,2,20,114,5,38,13,787.5,1362.6,1613.6,1059.7,1182.4,1034.4,751,741.6,1875.4,4769.4,1100.7,1217.5,76,14,22,2,23,1652,25.3,337
2021/01/13,12331,10212,1717,402,173,149,90,1,3,9,77,2,37,11,797.5,1375.8,1621.1,1069.1,1192.7,1048,753.5,742.9,1875.4,4769.4,1110,1225.4,52,5,13,2,18,1613,25.5,338
2021/01/14,12421,10317,1702,402,128,140.4,90,2,1,14,73,9,44,10,808.4,1389.9,1631,1079.2,1201.6,1057.3,756,742.9,1878.4,4780.7,1118.7,1233.7,60,6,16,1,7,1572,24.9,339
2021/01/15,12518,10439,1675,404,142,134,97,8,2,7,80,5,44,11,812,1398.8,1648.3,1088.7,1213.5,1065.9,760.2,746.9,1890.3,4780.7,1127,1243.8,50,4,16,0,27,1554,24.5,340
2021/01/16,12577,10545,1627,405,117,128.4,59,0,2,1,56,2,42,9,816.6,1407.6,1654.5,1098.8,1218.7,1070.2,763.6,748.2,1890.3,4780.7,1132.2,1249.7,33,6,3,2,15,1503,24.8,341
2021/01/17,12656,10677,1572,407,78,123.4,79,2,3,4,70,2,42,9,822.9,1415.5,1666.3,1107.7,1223.2,1075.2,771.2,753.5,1896.2,4803.3,1139,1257.9,46,4,9,1,19,1459,24.5,342
2021/01/18,12773,10773,1592,408,63,123,117,2,2,44,69,7,46,10,827.5,1419.1,1685.5,1120.9,1236.5,1089.5,779.6,754.8,1908.2,4837.3,1152.5,1266.7,48,2,48,0,19,1388,24,343
2021/01/19,12850,10898,1537,415,80,111.6,77,3,1,25,48,8,47,9,832.9,1423.5,1696,1126.6,1241.7,1098.8,787.1,761.4,1917.1,4871.2,1160.4,1273.4,33,8,28,1,7,1315,23.3,344
2021/01/20,12913,11002,1496,415,167,110.7,63,1,2,12,48,2,39,7,836.6,1429.7,1701.6,1133,1246.2,1108.8,793.9,762.7,1926.1,4882.5,1167.2,1278.6,28,2,15,1,17,1225,23.1,345
2021/01/21,12983,11106,1460,417,81,104,70,1,0,10,59,3,39,7,843.8,1438.5,1710.9,1138.6,1250.6,1113.1,798.1,768,1938,4916.4,1172.8,1286.2,37,2,11,2,18,1173,23.4,346
2021/01/22,13061,11215,1428,418,96,97.4,78,1,1,4,72,6,40,6,858.4,1447.3,1721.4,1144.3,1256.5,1116,800.6,777.2,1943.9,4939,1182,1291.8,44,5,6,0,23,1131,23.6,347
2021/01/23,13112,11324,1370,418,84,92.7,51,2,6,4,39,4,42,9,866.6,1454.4,1728.2,1146.2,1261,1120.3,803.1,778.6,1955.9,4939,1186.1,1297.4,25,1,12,1,12,1082,23.7,348
2021/01/24,13158,11449,1290,419,44,87.9,46,2,0,8,36,2,40,8,870.2,1458.8,1732.5,1151.9,1266.2,1125.3,803.9,781.2,1964.8,4950.3,1190.9,1301.3,29,0,10,1,6,1034,23.8,349
2021/01/25,13223,11573,1231,419,29,83,65,1,2,17,45,4,41,7,875.7,1462.3,1743.7,1159.5,1272.1,1131.7,808.2,783.8,1967.8,4950.3,1198.5,1306.2,33,3,20,1,8,943,23.2,350
2021/01/26,13281,11697,1165,419,74,82.1,58,3,1,18,36,8,44,6,880.2,1465.9,1752.3,1164.5,1276.6,1138.2,814.9,786.5,1973.8,4950.3,1205,1310.6,21,3,22,3,9,865,23.7,351
2021/01/27,13359,11812,1126,421,81,69.9,78,3,1,25,49,1,34,5,884.8,1472.1,1762.3,1172.1,1283.2,1146.8,819.9,791.8,1991.7,4961.6,1214.7,1315.9,39,0,29,0,10,837,23.5,352
2021/01/28,13400,11911,1068,421,67,67.9,41,2,1,2,36,3,34,6,889.3,1474.7,1769.7,1175.9,1287.7,1149.6,822.5,793.1,1994.6,4961.6,1220.5,1317.9,16,4,5,4,12,799,25.3,353
2021/01/29,13429,12045,963,421,73,64.6,29,2,0,1,26,3,35,5,891.1,1476.5,1773.4,1177.2,1292.1,1151.8,825,797,2000.6,4961.6,1223.2,1320.7,14,2,3,1,9,737,25,354
2021/01/30,13447,12162,863,422,42,58.6,18,1,0,6,11,2,37,6,891.1,1476.5,1774.6,1179.7,1295.1,1153.2,827.5,798.4,2006.6,4961.6,1224.3,1322.9,6,0,7,0,5,691,25.2,355
2021/01/31,13489,12261,805,423,24,55.7,42,3,0,4,35,4,36,7,895.7,1478.2,1781.4,1185.4,1298.8,1156.1,829.2,799.7,2015.5,4961.6,1229,1326.3,24,0,7,1,10,654,25.2,356
2021/02/01,13529,12387,719,423,27,55.4,40,6,2,7,25,4,33,6,896.6,1480.9,1787,1187.3,1308.5,1160.3,831.7,801,2018.5,4961.6,1233.8,1329.1,18,0,15,1,6,614,24.8,357
2021/02/02,13567,12492,651,424,60,53.4,38,2,2,6,28,3,31,6,900.2,1483.5,1795.1,1190.5,1310.7,1164.6,834.2,801,2021.5,4961.6,1238.2,1331.9,21,2,10,2,3,593,25,358
2021/02/03,13630,12572,634,424,54,49.6,63,4,1,22,36,2,30,5,904.8,1491.5,1803.7,1196.8,1320.3,1168.9,835.1,806.3,2024.4,4961.6,1246.2,1336,22,1,27,3,10,583,24.2,359
2021/02/04,13710,12651,635,424,51,47.3,80,2,3,47,28,2,29,6,910.2,1495,1813.6,1206.3,1327.7,1180.4,843.5,810.2,2024.4,4961.6,1256,1341.4,21,0,52,0,7,556,23.4,360
2021/02/05,13769,12710,633,426,71,47,59,2,1,9,47,2,24,6,913,1501.2,1821.7,1215.1,1331.5,1186.1,847.7,811.5,2030.4,4972.9,1261.8,1346.8,30,0,12,1,16,532,23.1,361
2021/02/06,13793,12766,601,426,62,49.9,24,1,1,4,18,3,24,7,915.7,1502.1,1824.2,1216.4,1334.4,1191.1,848.5,812.9,2033.4,4972.9,1264.5,1348.6,8,1,6,1,8,505,23.6,362
2021/02/07,13818,12834,556,428,33,51.1,25,1,3,1,20,3,26,5,917.5,1503.8,1826.6,1218.9,1337.4,1194.7,850.2,814.2,2036.4,4972.9,1266.6,1351.2,13,0,5,0,7,491,24.4,363
2021/02/08,13867,12885,552,430,24,50.7,49,3,1,7,38,2,24,6,923.9,1509.1,1834.1,1224.6,1344.1,1197.5,851.9,814.2,2036.4,4972.9,1272.1,1355.2,18,1,11,0,19,485,27,364
2021/02/09,13918,12921,567,430,43,48.3,51,5,3,5,38,0,22,3,928.4,1514.4,1841.5,1231.5,1348.5,1199.7,854.4,819.5,2039.4,4972.9,1276.1,1360.7,26,1,12,1,11,491,27.1,365
2021/02/10,13977,12960,586,431,40,46.3,59,0,3,7,49,3,23,5,938.4,1524.2,1849.6,1235.9,1352.2,1201.8,860.3,820.8,2042.3,4972.9,1280.2,1367.8,30,5,10,1,13,490,27.8,366
2021/02/11,14037,12996,609,432,50,46.1,60,2,3,10,45,1,19,4,941.1,1528.6,1856.4,1243.5,1355.9,1210.4,864.5,826.1,2051.3,4972.9,1286.5,1372.8,25,1,15,3,16,501,27.9,367
2021/02/12,14089,13042,613,434,53,43.6,52,0,1,9,42,4,20,3,943,1534.8,1865,1246.1,1359.6,1217.6,867,832.7,2057.2,4972.9,1291.8,1377.5,25,4,10,1,12,516,27.7,368
2021/02/13,14122,13077,611,434,45,41.1,33,0,1,3,29,6,24,3,945.7,1537.4,1871.2,1248.6,1363.3,1220.4,869.5,834,2057.2,4972.9,1295,1380.5,20,1,4,2,6,534,27,369
2021/02/14,14167,13141,590,436,49,43.4,45,0,2,6,37,3,23,3,948.4,1543.6,1878,1252.4,1365.6,1224.7,872.1,836.6,2063.2,4995.5,1299.7,1384.4,26,4,8,0,7,535,26.4,370
2021/02/15,14227,13180,610,437,33,44.7,60,3,1,6,50,4,25,3,952.1,1550.6,1891.7,1256.8,1369.3,1231.2,873.7,836.6,2069.2,5006.8,1306.4,1389,35,1,7,0,17,558,27.2,371
2021/02/16,14275,13236,602,437,63,47.6,48,3,3,13,29,3,26,3,956.6,1556.8,1900.3,1260.6,1375.2,1235.5,874.6,836.6,2069.2,5018.1,1311.8,1392.8,16,1,19,3,9,561,28.2,372
2021/02/17,14333,13274,621,438,51,49.1,58,4,2,7,45,2,27,3,964.8,1566.5,1909.6,1264.4,1377.4,1239,878,837.9,2078.1,5029.4,1318,1397.6,31,4,11,2,10,573,27.6,373
2021/02/18,14403,13328,637,438,67,51.6,70,4,5,12,49,3,28,4,971.1,1578,1920.1,1272,1382.6,1244,879.6,840.6,2081.1,5052,1324.8,1403.9,33,2,21,0,14,598,27.6,374
2021/02/19,14456,13376,641,439,59,52.4,53,4,3,15,31,1,28,4,974.8,1582.4,1929.4,1274.5,1387.1,1246.9,884.7,843.2,2084.1,5119.8,1328.7,1410.1,21,2,22,1,7,586,26.6,375
2021/02/20,14509,13445,625,439,67,55.6,53,1,1,4,47,4,28,4,979.3,1587.7,1937.5,1281.4,1391.5,1254.1,884.7,845.9,2084.1,5119.8,1334.3,1414.6,29,1,6,5,12,615,26,376
2021/02/21,14548,13498,611,439,53,56.1,39,0,2,6,31,2,26,5,983,1591.3,1943.1,1285.9,1394.5,1259.1,887.2,845.9,2084.1,5131.1,1336.8,1419.4,15,1,8,1,14,624,26.8,377
2021/02/22,14612,13547,626,439,32,56,64,2,0,10,52,1,25,7,989.3,1598.3,1952.3,1291.6,1399.7,1264.8,892.2,848.5,2087.1,5142.4,1342.4,1425.9,28,3,12,2,19,636,26.3,378
2021/02/23,14669,13595,635,439,46,53.6,57,1,1,8,47,3,27,7,991.2,1605.4,1964.1,1295.3,1404.9,1269.8,892.2,857.7,2090,5142.4,1348.7,1430.2,30,5,9,2,11,640,26.1,379
2021/02/24,14716,13637,639,440,59,54.7,47,2,0,11,34,1,26,7,992.1,1613.3,1973.4,1300.4,1407.1,1274.8,895.6,857.7,2090,5142.4,1354.1,1433.7,23,3,13,1,7,624,25.8,380
2021/02/25,14751,13679,632,440,45,51.6,35,1,2,3,29,1,25,7,994.8,1615.1,1979.6,1303.6,1410.1,1279.1,897.3,859.1,2096,5142.4,1358,1436.5,15,7,6,1,6,606,24.9,381
2021/02/26,14816,13741,635,440,61,51.9,65,5,4,14,42,1,23,7,1001.2,1624.8,1988.9,1309.9,1417.5,1283.4,899.8,863,2096,5142.4,1364.6,1442.3,19,8,23,0,15,614,25.1,382
2021/02/27,14859,13780,638,441,74,52.9,43,0,6,4,33,3,25,7,1007.5,1631,1993.8,1314.9,1421.9,1284.8,902.3,864.3,2096,5153.7,1369,1446,15,15,9,1,3,624,24.2,383
2021/02/28,14919,13835,643,441,51,52.6,60,3,1,6,50,7,30,7,1012.1,1639.8,2001.9,1318.1,1426.4,1287.7,913.3,864.3,2102,5176.3,1375.4,1451.1,17,25,10,0,8,639,23.8,384
2021/03/01,14983,13897,645,441,53,55.6,64,0,1,5,58,3,32,7,1016.6,1644.3,2013,1325.7,1431.6,1293.4,916.6,869.6,2102,5187.6,1382.2,1456.5,16,29,6,3,10,642,22.6,385
2021/03/02,15040,13950,648,442,65,58.3,57,0,0,6,51,1,30,5,1017.5,1649.6,2025.4,1332.6,1436,1299.1,918.3,870.9,2104.9,5198.9,1387.2,1461.9,2,45,6,0,4,658,21.3,386
2021/03/03,15080,14006,632,442,65,59.1,40,0,1,5,34,6,33,5,1021.2,1653.1,2029.7,1337.7,1439.8,1303.4,921.7,872.3,2104.9,5210.2,1391.8,1464.8,4,22,6,1,7,640,21.4,387
2021/03/04,15116,14069,605,442,64,61.9,36,0,1,2,33,1,34,5,1027.5,1655.7,2037.2,1340.2,1441.2,1304.9,923.4,874.9,2110.9,5210.2,1395.1,1468.4,4,26,3,1,2,616,20.3,388
2021/03/05,15146,14129,575,442,54,60.9,30,0,0,0,30,1,31,3,1031.2,1658.4,2044,1342.7,1442,1308.4,925,874.9,2110.9,5210.2,1397.8,1471.4,4,26,0,0,0,608,19.4,389
2021/03/06,15167,14171,553,443,46,56.9,21,0,0,0,21,0,29,3,1032.1,1659.3,2047.7,1344.6,1444.2,1309.9,927.6,876.2,2113.9,5210.2,1399.9,1473.2,0,20,0,0,1,580,18.4,390
2021/03/07,15167,14207,517,443,53,57.1,0,0,0,0,0,0,29,3,1032.1,1659.3,2047.7,1344.6,1444.2,1309.9,927.6,876.2,2113.9,5210.2,1399.9,1473.2,0,0,0,0,0,547,17,391
